{
   "file_counts" : 11,
   "file_list" : [
      {
         "file_describe_code" : 0,
         "file_name" : "copper_bottom.gbr",
         "layer_name" : "bl"
      },
      {
         "file_describe_code" : 0,
         "file_name" : "copper_top.gbr",
         "layer_name" : "tl"
      },
      {
         "file_describe_code" : 0,
         "file_name" : "drill_1_16.xln",
         "layer_name" : "drl"
      },
      {
         "file_describe_code" : 4,
         "file_name" : "gerber_job.gbrjob",
         "layer_name" : "nil"
      },
      {
         "file_describe_code" : 2,
         "file_name" : "profile.gbr",
         "layer_name" : "gko"
      },
      {
         "file_describe_code" : 4,
         "file_name" : "silkscreen_bottom.gbr",
         "layer_name" : "nil"
      },
      {
         "file_describe_code" : 0,
         "file_name" : "silkscreen_top.gbr",
         "layer_name" : "to"
      },
      {
         "file_describe_code" : 0,
         "file_name" : "soldermask_bottom.gbr",
         "layer_name" : "bs"
      },
      {
         "file_describe_code" : 0,
         "file_name" : "soldermask_top.gbr",
         "layer_name" : "ts"
      },
      {
         "file_describe_code" : 4,
         "file_name" : "solderpaste_bottom.gbr",
         "layer_name" : "nil"
      },
      {
         "file_describe_code" : 4,
         "file_name" : "solderpaste_top.gbr",
         "layer_name" : "nil"
      }
   ]
}
